{
  "Ansi 7 Color (Light)" : {
    "Red Component" : 0.6470588235294118,
    "Color Space" : "sRGB",
    "Blue Component" : 0.79607843137254897,
    "Alpha Component" : 1,
    "Green Component" : 0.67843137254901964
  },
  "Ansi 15 Color (Light)" : {
    "Red Component" : 0.72156862745098038,
    "Color Space" : "sRGB",
    "Blue Component" : 0.8784313725490196,
    "Alpha Component" : 1,
    "Green Component" : 0.75294117647058822
  },
  "Ansi 2 Color (Light)" : {
    "Red Component" : 0.65098039215686276,
    "Color Space" : "sRGB",
    "Blue Component" : 0.58431372549019611,
    "Alpha Component" : 1,
    "Green Component" : 0.85490196078431369
  },
  "Bold Color" : {
    "Red Component" : 0.97102361917495728,
    "Color Space" : "sRGB",
    "Blue Component" : 0.97102349996566772,
    "Alpha Component" : 1,
    "Green Component" : 0.97102349996566772
  },
  "Ansi 1 Color (Dark)" : {
    "Red Component" : 0.92941176470588238,
    "Color Space" : "sRGB",
    "Blue Component" : 0.58823529411764708,
    "Alpha Component" : 1,
    "Green Component" : 0.52941176470588236
  },
  "Use Bright Bold" : true,
  "Ansi 9 Color (Light)" : {
    "Red Component" : 0.92549019607843142,
    "Color Space" : "sRGB",
    "Blue Component" : 0.52549019607843139,
    "Alpha Component" : 1,
    "Green Component" : 0.45490196078431372
  },
  "Ansi 8 Color (Dark)" : {
    "Red Component" : 0.35686274509803922,
    "Color Space" : "sRGB",
    "Blue Component" : 0.47058823529411764,
    "Alpha Component" : 1,
    "Green Component" : 0.37647058823529411
  },
  "Background Color" : {
    "Red Component" : 0.15686270594596863,
    "Color Space" : "sRGB",
    "Blue Component" : 0.21176469326019287,
    "Alpha Component" : 1,
    "Green Component" : 0.16470584273338318
  },
  "Columns" : 80,
  "Ansi 8 Color" : {
    "Red Component" : 0.40784323215484619,
    "Color Space" : "sRGB",
    "Blue Component" : 0.40784311294555664,
    "Alpha Component" : 1,
    "Green Component" : 0.40784311294555664
  },
  "Right Option Key Sends" : 2,
  "Ansi 4 Color (Light)" : {
    "Red Component" : 0.54117647058823526,
    "Color Space" : "sRGB",
    "Blue Component" : 0.95686274509803926,
    "Alpha Component" : 1,
    "Green Component" : 0.67843137254901964
  },
  "Blinking Cursor" : true,
  "Selected Text Color (Light)" : {
    "Red Component" : 0.792156862745098,
    "Color Space" : "sRGB",
    "Blue Component" : 0.96078431372549022,
    "Alpha Component" : 1,
    "Green Component" : 0.82745098039215681
  },
  "Selected Text Color (Dark)" : {
    "Red Component" : 0.792156862745098,
    "Color Space" : "sRGB",
    "Blue Component" : 0.96078431372549022,
    "Alpha Component" : 1,
    "Green Component" : 0.82745098039215681
  },
  "Cursor Type" : 2,
  "Keyboard Map" : {
    "0xf728-0x0" : {
      "Action" : 11,
      "Text" : "0x4"
    },
    "0xf702-0x280000" : {
      "Action" : 10,
      "Text" : "b"
    },
    "0xf702-0x300000" : {
      "Action" : 11,
      "Text" : "0x1"
    },
    "0xf703-0x280000" : {
      "Action" : 10,
      "Text" : "f"
    },
    "0xf728-0x80000" : {
      "Action" : 10,
      "Text" : "d"
    },
    "0x7f-0x100000" : {
      "Action" : 11,
      "Text" : "0x15"
    },
    "0xf703-0x300000" : {
      "Action" : 11,
      "Text" : "0x5"
    },
    "0x7f-0x80000" : {
      "Action" : 11,
      "Text" : "\"0x1b 0x7f\""
    }
  },
  "Ansi 3 Color (Dark)" : {
    "Red Component" : 0.93333333333333335,
    "Color Space" : "sRGB",
    "Blue Component" : 0.62352941176470589,
    "Alpha Component" : 1,
    "Green Component" : 0.83137254901960789
  },
  "Visual Bell" : true,
  "Only The Default BG Color Uses Transparency" : true,
  "Cursor Text Color" : {
    "Red Component" : 0.15686270594596863,
    "Color Space" : "sRGB",
    "Blue Component" : 0.21176469326019287,
    "Alpha Component" : 1,
    "Green Component" : 0.16470584273338318
  },
  "Scrollback Lines" : 1000,
  "Selection Color (Light)" : {
    "Red Component" : 0.35686274509803922,
    "Color Space" : "sRGB",
    "Blue Component" : 0.47058823529411764,
    "Alpha Component" : 1,
    "Green Component" : 0.37647058823529411
  },
  "Ansi 0 Color" : {
    "Red Component" : 0,
    "Color Space" : "sRGB",
    "Blue Component" : 0,
    "Alpha Component" : 1,
    "Green Component" : 0
  },
  "Match Background Color (Dark)" : {
    "Red Component" : 1,
    "Color Space" : "P3",
    "Blue Component" : 0,
    "Alpha Component" : 1,
    "Green Component" : 1
  },
  "Ansi 11 Color (Light)" : {
    "Red Component" : 0.88235294117647056,
    "Color Space" : "sRGB",
    "Blue Component" : 0.50980392156862742,
    "Alpha Component" : 1,
    "Green Component" : 0.77647058823529413
  },
  "Ansi 5 Color (Dark)" : {
    "Red Component" : 0.96078431372549022,
    "Color Space" : "sRGB",
    "Blue Component" : 0.90196078431372551,
    "Alpha Component" : 1,
    "Green Component" : 0.74117647058823533
  },
  "Cursor Text Color (Light)" : {
    "Red Component" : 0.14117647058823529,
    "Color Space" : "sRGB",
    "Blue Component" : 0.22745098039215686,
    "Alpha Component" : 1,
    "Green Component" : 0.15294117647058825
  },
  "Silence Bell" : false,
  "Rows" : 25,
  "Draw Powerline Glyphs" : true,
  "Guid" : "167A6F64-8C81-4C78-95A9-3B214686A9B5",
  "Ansi 14 Color (Dark)" : {
    "Red Component" : 0.38823529411764707,
    "Color Space" : "sRGB",
    "Blue Component" : 0.75294117647058822,
    "Alpha Component" : 1,
    "Green Component" : 0.79607843137254897
  },
  "Ansi 15 Color (Dark)" : {
    "Red Component" : 0.72156862745098038,
    "Color Space" : "sRGB",
    "Blue Component" : 0.8784313725490196,
    "Alpha Component" : 1,
    "Green Component" : 0.75294117647058822
  },
  "Ansi 0 Color (Dark)" : {
    "Red Component" : 0.28627450980392155,
    "Color Space" : "sRGB",
    "Blue Component" : 0.39215686274509803,
    "Alpha Component" : 1,
    "Green Component" : 0.30196078431372547
  },
  "Ambiguous Double Width" : false,
  "Option Key Sends" : 2,
  "Ansi 3 Color" : {
    "Red Component" : 0.95294123888015747,
    "Color Space" : "sRGB",
    "Blue Component" : 0.61568623781204224,
    "Alpha Component" : 1,
    "Green Component" : 0.97647064924240112
  },
  "Window Type" : 0,
  "BM Growl" : true,
  "Prompt Before Closing 2" : false,
  "Command" : "",
  "Left Option Key Changeable" : false,
  "Selected Text Color" : {
    "Red Component" : 0,
    "Color Space" : "sRGB",
    "Blue Component" : 0,
    "Alpha Component" : 1,
    "Green Component" : 0
  },
  "Ansi 14 Color (Light)" : {
    "Red Component" : 0.38823529411764707,
    "Color Space" : "sRGB",
    "Blue Component" : 0.75294117647058822,
    "Alpha Component" : 1,
    "Green Component" : 0.79607843137254897
  },
  "Cursor Guide Color (Dark)" : {
    "Red Component" : 0.792156862745098,
    "Color Space" : "sRGB",
    "Blue Component" : 0.96078431372549022,
    "Alpha Component" : 0.070000000000000007,
    "Green Component" : 0.82745098039215681
  },
  "Blend" : 0.49897354014598538,
  "ASCII Ligatures" : false,
  "Send Code When Idle" : false,
  "Ansi 6 Color" : {
    "Red Component" : 0.60392171144485474,
    "Color Space" : "sRGB",
    "Blue Component" : 0.99607843160629272,
    "Alpha Component" : 1,
    "Green Component" : 0.92941170930862427
  },
  "Jobs to Ignore" : [
    "rlogin",
    "ssh",
    "slogin",
    "telnet"
  ],
  "Badge Color (Dark)" : {
    "Red Component" : 0.92929404973983765,
    "Color Space" : "P3",
    "Blue Component" : 0.13960540294647217,
    "Alpha Component" : 0.5,
    "Green Component" : 0.25479039549827576
  },
  "Cursor Color" : {
    "Red Component" : 0.91646724939346313,
    "Color Space" : "sRGB",
    "Blue Component" : 0.91647690534591675,
    "Alpha Component" : 1,
    "Green Component" : 0.91648870706558228
  },
  "Vertical Spacing" : 1,
  "Disable Window Resizing" : true,
  "Close Sessions On End" : true,
  "Selection Color (Dark)" : {
    "Red Component" : 0.35686274509803922,
    "Color Space" : "sRGB",